question_en,question_ar,answer_en,answer_ar,keywords_en,keywords_ar
"What is Qatar Aeronautical Academy?","ما هي أكاديمية قطر للطيران؟","Qatar Aeronautical Academy (QAA) is the Gulf region's leading provider of aviation training. Founded in 1977 as the Civil Aviation College of the Gulf States, it operates under the motto 'Excellence Becomes Reality'. QAA offers full-time approved courses for pilots, aircraft maintenance engineers, air traffic controllers, meteorologists, airport operations personnel, and flight dispatchers. The academy is located in Al Khulaifat Area, Doha, strategically between Doha International Airport and Hamad International Airport.","أكاديمية قطر للطيران هي المزود الرائد للتدريب على الطيران في منطقة الخليج. تأسست عام 1977 باسم كلية الطيران المدني لدول الخليج، وتعمل تحت شعار 'التميز يصبح حقيقة'. تقدم الأكاديمية دورات معتمدة بدوام كامل للطيارين ومهندسي صيانة الطائرات ومراقبي الحركة الجوية وأخصائيي الأرصاد الجوية وموظفي عمليات المطارات ومرسلي الرحلات.","QAA, about, overview, academy, history, founded","أكاديمية, قطر, طيران, نبذة, تاريخ"
"When was QAA founded?","متى تأسست أكاديمية قطر للطيران؟","QAA was founded in 1977 as the Civil Aviation College of the Gulf States. In 1996, it was renamed Qatar Aeronautical College. It is now known as Qatar Aeronautical Academy and is recognized as the Gulf region's leading aviation training provider.","تأسست أكاديمية قطر للطيران عام 1977 باسم كلية الطيران المدني لدول الخليج. في عام 1996 تم تغيير اسمها إلى كلية قطر للطيران. وهي معروفة الآن بأكاديمية قطر للطيران وتعتبر المزود الرائد للتدريب على الطيران في منطقة الخليج.","founded, history, established, year, 1977","تأسست, تاريخ, سنة"
"Who is the Director General of QAA?","من هو المدير العام لأكاديمية قطر للطيران؟","The Director General of Qatar Aeronautical Academy is Sheikh Jabor Bin Hamad M. Al-Thani. Under his leadership, the academy focuses on outstanding standards in advanced aviation disciplines and growing the aviation sector in Qatar.","المدير العام لأكاديمية قطر للطيران هو الشيخ جبر بن حمد آل ثاني. تحت قيادته، تركز الأكاديمية على المعايير المتميزة في تخصصات الطيران المتقدمة وتنمية قطاع الطيران في قطر.","director, general, leadership, head, management","مدير, عام, قيادة, إدارة"
"What is QAA's vision and mission?","ما هي رؤية ورسالة أكاديمية قطر للطيران؟","Vision: Prepare qualified cadres according to the highest international quality standards to achieve leadership in civil aviation. Mission: Prepare a generation of leaders through improved training opportunities and the latest training systems. Values: Integrity, loyalty, transparency, non-discrimination, and teamwork. Core Goal: Granting diplomas and degrees in Applied Science while collaborating with international education entities.","الرؤية: إعداد كوادر مؤهلة وفقاً لأعلى معايير الجودة الدولية لتحقيق الريادة في الطيران المدني. الرسالة: إعداد جيل من القادة من خلال تحسين فرص التدريب وأحدث أنظمة التدريب. القيم: النزاهة والولاء والشفافية وعدم التمييز والعمل الجماعي.","vision, mission, values, goal, motto","رؤية, رسالة, قيم, هدف"
"What programs does QAA offer?","ما هي البرامج التي تقدمها أكاديمية قطر للطيران؟","QAA offers these main programs: 1) Pilot Training - Multi-Crew Pilot License (MPL) and Commercial Pilot License (CPL). 2) Aircraft Maintenance Engineering (AME) - EASA Part 147 approved, B1.1, B1.2, B1.3, B2, and A1 categories. 3) Air Traffic Control (ATC). 4) Meteorology - 2.5-year diploma in partnership with Reading University. 5) Airport Operations Management. 6) Flight Dispatch. The academy also offers Foundation Programs, ICAO Short Courses, and English Language Proficiency (IELTS) programs.","تقدم الأكاديمية البرامج التالية: 1) تدريب الطيارين - رخصة طيار متعدد الطاقم ورخصة طيار تجاري. 2) هندسة صيانة الطائرات - معتمدة من EASA الجزء 147. 3) مراقبة الحركة الجوية. 4) الأرصاد الجوية - دبلوم مدته سنتان ونصف. 5) إدارة عمليات المطارات. 6) إرسال الرحلات. كما تقدم برامج تأسيسية ودورات ICAO القصيرة وبرامج اللغة الإنجليزية.","programs, courses, offered, available, list","برامج, دورات, متاحة, قائمة"
"Tell me about the pilot training program","أخبرني عن برنامج تدريب الطيارين","QAA offers two pilot training pathways: 1) Multi-Crew Pilot License (MPL) - competency-based training for multi-crew airline cockpits, emphasizing human factors, communication, and system management. Prepares pilots specifically for the Airbus A320. Duration is approximately 18-22 months. 2) Commercial Pilot License (CPL/IR) Integrated course - includes 186 flight hours, 32.5 FTD hours, and 40-hour MCC component. The academy trains about 30 pilot students annually. Instructor requirements include professional pilot license, A-320 type rating, airline jet experience, minimum 1,500 hours multi-crew, and 1,000 hours on aircraft above 20,000 kg.","تقدم الأكاديمية مسارين لتدريب الطيارين: 1) رخصة طيار متعدد الطاقم - تدريب قائم على الكفاءة للقمرة متعددة الطاقم. المدة حوالي 18-22 شهراً. 2) رخصة طيار تجاري متكاملة - تشمل 186 ساعة طيران و32.5 ساعة تدريب على الأجهزة و40 ساعة تعاون متعدد الطاقم. تدرب الأكاديمية حوالي 30 طالب طيران سنوياً.","pilot, training, MPL, CPL, flight, license","طيار, تدريب, رخصة, طيران"
"What is the MPL program?","ما هو برنامج رخصة الطيار متعدد الطاقم؟","The Multi-Crew Pilot License (MPL) is a competency-based training program at QAA designed for multi-crew airline cockpits. It emphasizes human factors, communication, and system-management skills. The program prepares pilots specifically for aircraft like the Airbus A320 and takes approximately 18-22 months including foundation studies. Upon completion, graduates may transfer to Embry-Riddle Aeronautical University as sophomores in the Bachelor of Science in Aeronautics degree program.","رخصة الطيار متعدد الطاقم هو برنامج تدريب قائم على الكفاءة في أكاديمية قطر للطيران مصمم لقمرات القيادة متعددة الطاقم. يركز على العوامل البشرية والاتصالات ومهارات إدارة الأنظمة. يعد البرنامج الطيارين خصيصاً لطائرات مثل إيرباص A320 ويستغرق حوالي 18-22 شهراً.","MPL, multi-crew, pilot, license, A320","رخصة, طيار, متعدد, طاقم"
"Tell me about aircraft maintenance engineering","أخبرني عن هندسة صيانة الطائرات","The Aircraft Maintenance Engineering (AME) program at QAA meets EASA Part 147 and QCAA regulations. The AME Department holds EASA Part-147 approval (reference: EASA.147.0065) and QCAA Part-147 approval (reference: OT/MTO/01). Specializations include Category B1.1 (Mechanical), B1.2, B1.3, B2 (Avionics), and A1. The B1.1 license course takes 2 years and 3 months. Ground avionics engineering course is 10 months. CAT A license course takes 10 months. Classes have a maximum of 15 students. Training uses the academy fleet (Diamond DA40, DA42) plus retired aircraft (Falcon 20, Piper Navajo, Piper Seneca) and QAA's own MRO department which is EASA and FAA approved.","برنامج هندسة صيانة الطائرات في الأكاديمية يلبي معايير EASA الجزء 147 ولوائح هيئة الطيران المدني القطرية. التخصصات تشمل الفئة B1.1 (ميكانيكي) و B2 (إلكترونيات الطيران) و A1. مدة دورة رخصة B1.1 هي سنتان و3 أشهر. دورة إلكترونيات الطيران 10 أشهر. دورة رخصة CAT A تستغرق 10 أشهر. الفصول بحد أقصى 15 طالباً.","maintenance, engineering, AME, EASA, B1, B2, avionics","صيانة, هندسة, طائرات, إلكترونيات"
"Tell me about the Air Traffic Control program","أخبرني عن برنامج مراقبة الحركة الجوية","The Air Traffic Control (ATC) program at QAA trains students in aircraft movement management on the ground and in the air. It utilizes advanced surveillance and communication technologies with locally-produced simulators. The program is designed to meet ICAO standards. Courses include Basic ATC Course, Aerodrome Control Course, Approach Control Course, and Area Control Course. The program trains both civil and military controllers. Graduates can operate within any international airspace framework.","برنامج مراقبة الحركة الجوية في الأكاديمية يدرب الطلاب على إدارة حركة الطائرات على الأرض وفي الجو. يستخدم تقنيات مراقبة واتصالات متقدمة مع أجهزة محاكاة محلية الإنتاج. البرنامج مصمم لتلبية معايير ICAO. الدورات تشمل دورة ATC الأساسية ودورة مراقبة المطار ودورة مراقبة الاقتراب ودورة مراقبة المنطقة.","ATC, air traffic control, controller","مراقبة, حركة, جوية"
"Tell me about the Meteorology program","أخبرني عن برنامج الأرصاد الجوية","The Meteorology program at QAA is a 2.5-year World Meteorology Organisation Diploma conducted in partnership with Reading University (UK). It addresses unique climatic challenges of the Gulf region and covers thermodynamics, atmospheric physics, satellite imagery, and radar interpretation. The program provides accurate weather forecasting and data analysis skills for flight planning. Graduates serve airlines and airport operators as specialized aviation meteorologists.","برنامج الأرصاد الجوية في الأكاديمية هو دبلوم مدته سنتان ونصف من المنظمة العالمية للأرصاد الجوية بالشراكة مع جامعة ريدنغ البريطانية. يتناول التحديات المناخية الفريدة لمنطقة الخليج ويغطي الديناميكا الحرارية وفيزياء الغلاف الجوي وصور الأقمار الصناعية وتفسير الرادار.","meteorology, weather, forecasting, climate","أرصاد, جوية, طقس, مناخ"
"Tell me about Flight Dispatch","أخبرني عن إرسال الرحلات","The Flight Dispatch program at QAA operates per ICAO Doc 10106 and QCAA regulations. The program duration is approximately 6 months. Flight dispatchers are considered 'pilots on the ground'. Responsibilities include fuel calculations, weather monitoring, and safety compliance. The curriculum includes Electronic Flight Bags (EFB) and advanced flight planning software. Instructors must hold a Licensed Dispatcher certification from ICAO with at least 5 years operational experience.","برنامج إرسال الرحلات في الأكاديمية يعمل وفقاً لوثيقة ICAO 10106 ولوائح هيئة الطيران المدني القطرية. مدة البرنامج حوالي 6 أشهر. يعتبر مرسلو الرحلات 'طيارين على الأرض'. المسؤوليات تشمل حسابات الوقود ومراقبة الطقس والامتثال للسلامة.","flight, dispatch, dispatcher, operations","إرسال, رحلات, عمليات"
"Tell me about Airport Operations Management","أخبرني عن إدارة عمليات المطارات","The Airport Operations Management program at QAA is a 6-month course that prepares students for managing large-scale aviation hubs. It provides foundational knowledge for airline operations, including theoretical coursework and on-the-job training with airlines. The program is focused on logistics and safety challenges and is aligned with Hamad International Airport standards. It awards diplomas from IATA, ATI, and QAA.","برنامج إدارة عمليات المطارات في الأكاديمية هو دورة مدتها 6 أشهر تعد الطلاب لإدارة مراكز الطيران الكبيرة. يوفر المعرفة الأساسية لعمليات الطيران بما في ذلك الدراسة النظرية والتدريب العملي مع شركات الطيران. البرنامج يركز على التحديات اللوجستية والسلامة ومتوافق مع معايير مطار حمد الدولي.","airport, operations, management, logistics","مطار, عمليات, إدارة"
"What are the course fees at QAA?","ما هي رسوم الدورات في أكاديمية قطر للطيران؟","Course fees at QAA vary by program. Approximate annual tuition fees are: Aviation Management - $15,000/year, Aeronautical Engineering - $17,000/year, Air Traffic Management - $16,000/year, Aviation Maintenance - $16,500/year, Avionics Engineering - $17,500/year. The registration and placement test fee is QR 300 (non-refundable). Qatari nationals may be eligible for full tuition scholarships. For exact current fees, please contact the admissions office at +974 4440 8873 or email Info@qaa.edu.qa as fees are subject to change.","تختلف رسوم الدورات في الأكاديمية حسب البرنامج. الرسوم الدراسية السنوية التقريبية هي: إدارة الطيران - 15,000 دولار/سنة، الهندسة الجوية - 17,000 دولار/سنة، إدارة الحركة الجوية - 16,000 دولار/سنة، صيانة الطيران - 16,500 دولار/سنة. رسوم التسجيل واختبار التحديد 300 ريال قطري (غير قابلة للاسترداد). للرسوم الدقيقة الحالية يرجى الاتصال بمكتب القبول.","fees, cost, tuition, price, payment, how much","رسوم, تكلفة, سعر, دفع, كم"
"How much does pilot training cost?","كم تكلفة تدريب الطيران؟","Pilot training at QAA falls under the Aeronautical Engineering category with approximate tuition of $17,000 per year. The full MPL program takes approximately 18-22 months. Qatari nationals may be eligible for the Qatar Airways Cadet Pilot Programme which is fully sponsored. The registration fee is QR 300 (non-refundable). For exact current fees and payment plans, please contact the admissions office at +974 4440 8873 or email Info@qaa.edu.qa.","تدريب الطيران في الأكاديمية يندرج تحت فئة الهندسة الجوية بتكلفة تقريبية 17,000 دولار سنوياً. برنامج MPL الكامل يستغرق حوالي 18-22 شهراً. المواطنون القطريون قد يكونون مؤهلين لبرنامج الطيار المتدرب من الخطوط الجوية القطرية الممول بالكامل. رسوم التسجيل 300 ريال قطري. للرسوم الدقيقة يرجى الاتصال بمكتب القبول.","pilot, training, cost, fees, price, tuition","طيار, تدريب, تكلفة, رسوم"
"Are there scholarships available?","هل تتوفر منح دراسية؟","Yes, QAA offers several scholarship options: 1) Merit-Based - up to 50% tuition based on academic achievement. 2) Need-Based - varies based on financial need. 3) Aviation Industry - partial to full for those with aviation background. 4) International Student - up to 30% tuition. 5) Women in Aviation - up to 40% tuition for female students. 6) Qatari Nationals - full tuition scholarship for Qatari citizens. 7) Corporate Sponsorships - partial to full for employees of partner airlines/companies. 8) Qatar Airways Cadet Pilot Programme - fully funded for Qatari nationals. For details, contact admissions at +974 4440 8873.","نعم، تقدم الأكاديمية عدة خيارات للمنح الدراسية: 1) منح الجدارة - حتى 50% من الرسوم. 2) منح الحاجة المالية. 3) منح صناعة الطيران. 4) منح الطلاب الدوليين - حتى 30%. 5) منح المرأة في الطيران - حتى 40%. 6) منح المواطنين القطريين - كاملة. 7) رعاية الشركات. 8) برنامج الطيار المتدرب من الخطوط القطرية - ممول بالكامل للقطريين.","scholarship, grant, financial aid, funding, sponsorship","منحة, دراسية, تمويل, رعاية"
"How do I apply to QAA?","كيف أتقدم للأكاديمية؟","To apply to QAA: 1) Submit your application in person at the Registration Department, Al Khulaifat Area, Doha. 2) You can only submit one application for one program. 3) Required documents: copies of applicant ID and passport, guardian ID, 4 passport-size photos (blue background). 4) Pay the registration and placement test fee of QR 300 (non-refundable). 5) Take the mandatory placement test. 6) If shortlisted, attend a personal interview. 7) Complete medical examination based on your specialization. 8) Obtain security clearance (Police Clearance Certificate). Intake periods: Fall (September) and Spring (January). Contact admissions at +974 4440 8873.","للتقدم للأكاديمية: 1) قدم طلبك شخصياً في قسم التسجيل بمنطقة الخليفات بالدوحة. 2) يمكنك تقديم طلب واحد فقط لبرنامج واحد. 3) المستندات المطلوبة: نسخ من بطاقة الهوية وجواز السفر وهوية الولي و4 صور شخصية بخلفية زرقاء. 4) دفع رسوم التسجيل 300 ريال قطري. 5) اجتياز اختبار تحديد المستوى. 6) حضور مقابلة شخصية. 7) إجراء الفحص الطبي. 8) الحصول على تصريح أمني.","apply, application, admission, register, how to","تقدم, طلب, قبول, تسجيل, كيف"
"What are the admission requirements?","ما هي متطلبات القبول؟","General admission requirements for QAA: 1) High school diploma or equivalent with minimum 70% grade (varies by program; pilot training requires higher math/science grades). 2) Copies of applicant ID and passport. 3) Copy of guardian ID or passport. 4) 4 passport-size photos with blue background. 5) Registration fee of QR 300 (non-refundable). 6) Pass the mandatory placement test. 7) English proficiency (IELTS 5.5 minimum for undergraduate programs). 8) Medical examination specific to your specialization (e.g., Class I Medical for pilots). 9) Police clearance certificate within the State of Qatar. Final-year high school students may apply with first-semester results but must supply final proof by deadline.","متطلبات القبول العامة: 1) شهادة الثانوية العامة بحد أدنى 70%. 2) نسخ من بطاقة الهوية وجواز السفر. 3) نسخة من هوية الولي. 4) 4 صور شخصية بخلفية زرقاء. 5) رسوم التسجيل 300 ريال قطري. 6) اجتياز اختبار تحديد المستوى. 7) إجادة اللغة الإنجليزية (IELTS 5.5 كحد أدنى). 8) فحص طبي حسب التخصص. 9) شهادة حسن سيرة وسلوك.","requirements, admission, eligibility, documents, grades","متطلبات, قبول, أهلية, وثائق, درجات"
"What documents are needed for admission?","ما هي المستندات المطلوبة للقبول؟","Required documents for QAA admission: 1) Copy of applicant's ID card and passport. 2) Copy of guardian's ID or passport. 3) 4 passport-size photos with blue background. 4) High school diploma or equivalent certificate. 5) Registration fee of QR 300 (non-refundable). For international applicants, additional documents include: certified copies of 6th, 9th, and 12th grade certificates (certified by Ministry of Education, Ministry of Foreign Affairs, and Qatari Embassy in home country), and a police clearance certificate from home country (also certified and approved).","المستندات المطلوبة للقبول: 1) نسخة من بطاقة هوية المتقدم وجواز السفر. 2) نسخة من هوية الولي. 3) 4 صور شخصية بخلفية زرقاء. 4) شهادة الثانوية العامة. 5) رسوم التسجيل 300 ريال قطري. للمتقدمين الدوليين: نسخ مصدقة من شهادات الصف السادس والتاسع والثاني عشر، وشهادة حسن سيرة وسلوك من بلد المتقدم.","documents, papers, required, needed, ID, passport","مستندات, أوراق, مطلوبة, هوية, جواز"
"What are the requirements for international students?","ما هي متطلبات الطلاب الدوليين؟","International applicants to QAA must: 1) Provide certified certificates from 6th, 9th, and 12th grades, certified by: Ministry of Education (home country), Ministry of Foreign Affairs (home country), and Qatari Embassy in home country. 2) Provide a police clearance certificate from home country, certified and approved by Ministry of Foreign Affairs and Qatari Embassy. 3) Attend a personal interview. 4) Meet the general admission requirements (high school diploma with 70% minimum, English proficiency). 5) Complete medical examination. 6) Apply for student visa after acceptance.","يجب على المتقدمين الدوليين: 1) تقديم شهادات مصدقة من الصف السادس والتاسع والثاني عشر، مصدقة من وزارة التعليم ووزارة الخارجية والسفارة القطرية. 2) تقديم شهادة حسن سيرة وسلوك مصدقة. 3) حضور مقابلة شخصية. 4) استيفاء متطلبات القبول العامة. 5) إجراء الفحص الطبي. 6) التقدم للحصول على تأشيرة طالب.","international, foreign, overseas, student, visa","دولي, أجنبي, طالب, تأشيرة"
"What is the registration fee?","ما هي رسوم التسجيل؟","The registration and placement test fee at QAA is QR 300 (approximately $82 USD). This fee is non-refundable and covers the mandatory placement test that assesses academic readiness. This fee is required at the time of application submission.","رسوم التسجيل واختبار تحديد المستوى في الأكاديمية هي 300 ريال قطري (حوالي 82 دولار أمريكي). هذه الرسوم غير قابلة للاسترداد وتغطي اختبار تحديد المستوى الإلزامي الذي يقيم الاستعداد الأكاديمي.","registration, fee, cost, QR 300, placement test","تسجيل, رسوم, تكلفة, اختبار"
"What is the Cadet Pilot Programme?","ما هو برنامج الطيار المتدرب؟","The Qatar Airways Cadet Pilot Programme is a fully funded scholarship for Qatari nationals and sons/daughters of Qatari mothers to obtain a QCAA Multi-Crew Pilot License. Requirements: Qatari national (or mother is Qatari), aged 18-26, high school certificate with 75% minimum (Science Stream), IELTS band score of 4.5 minimum (attained in last 24 months), able to obtain QCAA Class 1 medical, police clearance. Training includes up to 1 year foundation studies and approximately 18 months MPL program. Training is conducted at QAA in Doha. A guarantor who is a Qatari national is required.","برنامج الطيار المتدرب من الخطوط الجوية القطرية هو منحة ممولة بالكامل للمواطنين القطريين وأبناء الأمهات القطريات للحصول على رخصة طيار متعدد الطاقم. المتطلبات: جنسية قطرية، العمر 18-26 سنة، شهادة ثانوية بنسبة 75% كحد أدنى (تخصص علمي)، IELTS 4.5 كحد أدنى، القدرة على الحصول على فحص طبي من الدرجة الأولى.","cadet, pilot, programme, Qatar Airways, scholarship, sponsored","متدرب, طيار, برنامج, خطوط قطرية, منحة"
"Where is QAA located?","أين تقع أكاديمية قطر للطيران؟","QAA is located in Al Khulaifat Area, Doha, Qatar. The full address is: Qatar Aeronautical Academy, Ras AbuAbboud EXPY, Al Khulaifat, P.O. Box 4050, Doha, Qatar. The academy is strategically positioned between Doha International Airport and Hamad International Airport, approximately 15 minutes from Hamad International Airport. QAA operates from two locations: the main campus in Al Khulaifat and an air-side facility at Doha International Airport covering 28,000 square meters for flight training and aircraft maintenance.","تقع الأكاديمية في منطقة الخليفات بالدوحة، قطر. العنوان الكامل: أكاديمية قطر للطيران، طريق رأس أبو عبود السريع، الخليفات، ص.ب. 4050، الدوحة، قطر. تقع الأكاديمية في موقع استراتيجي بين مطار الدوحة الدولي ومطار حمد الدولي. تعمل من موقعين: الحرم الرئيسي في الخليفات ومنشأة جانب المدرج في مطار الدوحة الدولي.","location, address, where, campus, map, Al Khulaifat","موقع, عنوان, أين, حرم, الخليفات"
"How can I contact QAA?","كيف يمكنني الاتصال بالأكاديمية؟","You can contact Qatar Aeronautical Academy through: Phone (Local): +974 4440 8888. Phone (International): +974 4440 8873. Admissions Hotline: +974 4440 8873 / 4440 8858 / 4440 8869. Email: Info@qaa.edu.qa (response within 24 hours). Mailing Address: Qatar Aeronautical Academy, P.O. Box 4050, Doha, Qatar. You can also visit the campus in person at Al Khulaifat Area, Doha. The academy is also active on Facebook, Instagram, Twitter, YouTube, and LinkedIn.","يمكنك الاتصال بالأكاديمية عبر: الهاتف المحلي: +974 4440 8888. الهاتف الدولي: +974 4440 8873. خط القبول: +974 4440 8873 / 4440 8858 / 4440 8869. البريد الإلكتروني: Info@qaa.edu.qa (الرد خلال 24 ساعة). العنوان البريدي: أكاديمية قطر للطيران، ص.ب. 4050، الدوحة، قطر.","contact, phone, email, call, reach","اتصال, هاتف, بريد, تواصل"
"What are the campus facilities?","ما هي مرافق الحرم الجامعي؟","QAA campus facilities include: Administration and departmental offices. Classrooms with the latest educational technology. Specialized workshops for engineering students. Technical library with aviation resources. Examination and Testing Centres for IELTS, OET, LINGUASKILLS, and academic exams. Student cafeteria and snack bars. Modern computer labs with specialized software. Simulator Center (A320 simulator, DA40 and DA42 FNPT 2 simulators). On-campus health clinic. Academic and personal counseling services. The air-side facility at Doha International Airport covers 28,000 square meters for flight training and aircraft maintenance.","مرافق الحرم الجامعي تشمل: مكاتب إدارية. فصول دراسية بأحدث التقنيات التعليمية. ورش عمل متخصصة لطلاب الهندسة. مكتبة تقنية. مراكز اختبار لـ IELTS وOET. كافتيريا. مختبرات حاسوب. مركز المحاكاة (محاكي A320 ومحاكيات DA40 وDA42). عيادة صحية. خدمات إرشاد أكاديمي.","facilities, campus, library, cafeteria, labs","مرافق, حرم, مكتبة, كافتيريا, مختبرات"
"What aircraft does QAA have?","ما هي الطائرات المتوفرة في الأكاديمية؟","QAA maintains one of the most modern training fleets in the region (oldest aircraft under 7 years old): 10 Diamond DA40 (single-engine) for initial and instrument flight training. 4 Diamond DA42 (twin-engine) for multi-engine ratings and advanced navigation. Retired aircraft used for maintenance training: Falcon 20, Piper Navajo, Piper Seneca. The academy also has Piper PA28 (single-engine) and Piper PA34 (twin-engine) as complementary training platforms.","تمتلك الأكاديمية أسطولاً من أحدث طائرات التدريب في المنطقة: 10 طائرات دايموند DA40 (محرك واحد) للتدريب الأولي. 4 طائرات دايموند DA42 (محركين) للتصنيفات متعددة المحركات. طائرات متقاعدة للتدريب على الصيانة: فالكون 20، بايبر نافاجو، بايبر سينيكا. كما تمتلك بايبر PA28 وPA34 كمنصات تدريب تكميلية.","aircraft, fleet, planes, DA40, DA42, Diamond, Piper","طائرات, أسطول, دايموند, بايبر"
"What simulators does QAA have?","ما هي أجهزة المحاكاة المتوفرة؟","QAA has the following simulators: 1) A320 FFTX Fixed Base Simulator - EASA Level 2 certified, built by TRU Simulation + Training, featuring motion-cueing seats, smoke generation, and 40 x 200 degree field of view. Used for Airbus A320 type-specific training. 2) DA40 FNPT 2 - Flight Navigation Procedure Trainer with Garmin 1000 glass cockpit and 35 x 200 degree field of view. 3) DA42 FNPT 2 - Similar Diamond-built trainer for twin-engine procedures. 4) 12-place FMGS training classroom. 5) SE and ME Synthetic Devices - single-engine and multi-engine simulators for initial flight training. 6) Procedural Trainers for cockpit layout and system interaction familiarization.","أجهزة المحاكاة المتوفرة: 1) محاكي A320 الثابت - معتمد من EASA المستوى 2 بمجال رؤية 40 × 200 درجة. 2) DA40 FNPT 2 - مدرب إجراءات الملاحة بقمرة قيادة زجاجية Garmin 1000. 3) DA42 FNPT 2 - مدرب للإجراءات ثنائية المحرك. 4) فصل تدريب FMGS بـ 12 مقعداً. 5) أجهزة اصطناعية للتدريب الأولي.","simulator, A320, FNPT, training device","محاكي, محاكاة, جهاز, تدريب"
"Does QAA offer English language courses?","هل تقدم الأكاديمية دورات لغة إنجليزية؟","Yes, QAA offers comprehensive English language programs: 1) General English (11-12 weeks, minimum IELTS 5.5). 2) English for Aviation - covering aviation phraseology and terminology. 3) Academic English. These programs prepare students for ICAO Language Proficiency Requirements (LPRs). Instructors hold MA in TESOL, CELTA, or DELTA certifications with at least 5 years teaching experience. QAA is also an approved IDP IELTS Training and Testing Center where students can take the IELTS exam. IELTS preparation courses are available for candidates aiming for band scores between 5.5 and 9.","نعم، تقدم الأكاديمية برامج لغة إنجليزية شاملة: 1) اللغة الإنجليزية العامة (11-12 أسبوعاً). 2) الإنجليزية للطيران - تغطي المصطلحات الجوية. 3) الإنجليزية الأكاديمية. هذه البرامج تعد الطلاب لمتطلبات إجادة اللغة من ICAO. الأكاديمية أيضاً مركز معتمد لاختبار IELTS.","English, language, IELTS, course, test","إنجليزية, لغة, اختبار, دورة"
"What is the Foundation Program?","ما هو البرنامج التأسيسي؟","The Foundation Program at QAA prepares students for their main academic programs and includes: 1) Physics - from general physics to aviation-specific technical physics. 2) Mathematics - tailored for pilot training and maintenance engineering. 3) English Language - 11-12 weeks General English course. The program provides the theoretical basis for aerodynamics, propulsion systems, and structural mechanics. The Foundation Department handles approximately 400 students yearly. Duration is about 12 weeks for technical subjects. This program is required before entering the main academic programs if students do not meet the prerequisite levels.","البرنامج التأسيسي في الأكاديمية يعد الطلاب لبرامجهم الأكاديمية الرئيسية ويشمل: 1) الفيزياء - من الفيزياء العامة إلى الفيزياء التقنية للطيران. 2) الرياضيات - مصممة لتدريب الطيارين وهندسة الصيانة. 3) اللغة الإنجليزية - دورة 11-12 أسبوعاً. يقدم القسم التأسيسي حوالي 400 طالب سنوياً. مدة المواد التقنية حوالي 12 أسبوعاً.","foundation, preparatory, physics, math, basic","تأسيسي, تحضيري, فيزياء, رياضيات"
"What ICAO short courses does QAA offer?","ما هي دورات ICAO القصيرة التي تقدمها الأكاديمية؟","As a Full Member of the ICAO TRAINAIR PLUS Program, QAA offers short courses across nine key areas: 1) Aerodromes. 2) Air Navigation Services. 3) Air Transport. 4) Aviation Law. 5) Environment. 6) Flight Safety and Safety Management. 7) Security and Facilitation. 8) Training Competency Development. 9) Aviation Management. Specific courses include: Cross Cultural Awareness Skills for Immigration Officers (5 days), Introduction to Aeronautical Meteorological Observations (10 days), Occupational Safety and Health Emergency Response (3 days, virtual), Operational Flight Planning (5 days), Radio Telephony Communication for Airside Safety Operators (5 days).","كعضو كامل في برنامج ICAO TRAINAIR PLUS، تقدم الأكاديمية دورات قصيرة في تسعة مجالات رئيسية: 1) المطارات. 2) خدمات الملاحة الجوية. 3) النقل الجوي. 4) قانون الطيران. 5) البيئة. 6) سلامة الطيران. 7) الأمن والتسهيلات. 8) تطوير كفاءات التدريب. 9) إدارة الطيران.","ICAO, short courses, TRAINAIR, training","دورات, قصيرة, تدريب"
"Does QAA have accommodation or housing?","هل توفر الأكاديمية سكن؟","QAA offers several accommodation options for students: On-Campus Dormitory: approximately $5,000-$7,000 per year. Single Room: approximately $7,000-$9,000 per year. Shared Room: approximately $5,000-$6,500 per year. Off-Campus Housing: approximately $8,000-$12,000 per year. Meal Plans are available at approximately $3,000-$4,000 per year. Shuttle transportation is available at $500-$1,000 per year. For current availability and pricing, please contact the admissions office.","توفر الأكاديمية عدة خيارات للسكن: سكن داخلي: حوالي 5,000-7,000 دولار سنوياً. غرفة فردية: 7,000-9,000 دولار. غرفة مشتركة: 5,000-6,500 دولار. سكن خارجي: 8,000-12,000 دولار. خطط الوجبات: 3,000-4,000 دولار. النقل: 500-1,000 دولار. للتوافر والأسعار الحالية يرجى الاتصال بمكتب القبول.","accommodation, housing, dormitory, room, hostel","سكن, إقامة, غرفة, نزل"
"What are the intake periods?","ما هي فترات القبول؟","QAA has two main intake periods: Fall Intake - September. Spring Intake - January. Applications should be submitted well in advance of the intake period. Contact the admissions office at +974 4440 8873 for specific application deadlines for each intake period.","لدى الأكاديمية فترتا قبول رئيسيتان: القبول الخريفي - سبتمبر. القبول الربيعي - يناير. يجب تقديم الطلبات قبل فترة القبول بوقت كافٍ. اتصل بمكتب القبول على +974 4440 8873 للمواعيد النهائية المحددة.","intake, semester, when, start, begin, September, January","فترة, قبول, فصل, بداية, سبتمبر, يناير"
"What medical examination is required?","ما هو الفحص الطبي المطلوب؟","Medical examination requirements vary by specialization at QAA: Pilot Training: Class I Medical Certificate (the most comprehensive aviation medical, required for all pilot programs). Air Traffic Control: Class III Medical Certificate. Other programs: Standard medical examination. The medical examination is conducted after your application is accepted. QAA will provide you with a letter specifying the required medical examination for your chosen specialization. For pilots, the Class I medical includes vision tests, hearing tests, cardiovascular assessment, and general physical examination.","تختلف متطلبات الفحص الطبي حسب التخصص: تدريب الطيارين: شهادة طبية من الدرجة الأولى (الفحص الطبي الأشمل). مراقبة الحركة الجوية: شهادة طبية من الدرجة الثالثة. البرامج الأخرى: فحص طبي عادي. يتم الفحص بعد قبول طلبك. ستوفر الأكاديمية خطاباً يحدد الفحص المطلوب لتخصصك.","medical, examination, health, certificate, Class I","طبي, فحص, صحة, شهادة"
"Does QAA have partnerships with other institutions?","هل لدى الأكاديمية شراكات مع مؤسسات أخرى؟","Yes, QAA has several important partnerships: 1) Embry-Riddle Aeronautical University - students can transfer from QAA's ATPL program to a Bachelor of Science in Aeronautics at Embry-Riddle. 2) Reading University (UK) - partnership for the 2.5-year Meteorology diploma. 3) L3 Commercial Aviation (UK) - for A320 type rating training. 4) Singapore Aviation Academy - management course on-the-job training. 5) Qatar Airways - Cadet Pilot Programme and graduate employment. 6) ICAO TRAINAIR PLUS - Full Member status. 7) IATA - partnership for Aviation Management diplomas. QAA is also approved by EASA and FAA for maintenance training.","نعم، لدى الأكاديمية عدة شراكات مهمة: 1) جامعة إمبري-ريدل للطيران - يمكن للطلاب الانتقال لبكالوريوس علوم الطيران. 2) جامعة ريدنغ (بريطانيا) - لدبلوم الأرصاد الجوية. 3) L3 للطيران التجاري - للتصنيف على A320. 4) أكاديمية سنغافورة للطيران. 5) الخطوط الجوية القطرية - برنامج الطيار المتدرب. 6) ICAO TRAINAIR PLUS. 7) IATA.","partnership, collaboration, Embry-Riddle, university, accreditation","شراكة, تعاون, جامعة, اعتماد"
"What career opportunities are available after graduation?","ما هي الفرص الوظيفية المتاحة بعد التخرج؟","QAA graduates have strong career prospects: Pilots can join Qatar Airways and other major airlines as commercial pilots. Aircraft Maintenance Engineers work with airlines, MRO facilities, and aviation companies. Air Traffic Controllers operate in international airports and airspace management. Meteorologists serve airlines and airport operators. Flight Dispatchers work with airlines for flight planning and safety. Airport Operations managers work at aviation hubs like Hamad International Airport. QAA has partnerships with Qatar Airways for graduate employment. The academy provides career counseling, interview preparation, job fairs, and recruitment events. Graduates are recognized globally due to QAA's ICAO, EASA, and FAA accreditations.","لدى خريجي الأكاديمية فرص وظيفية قوية: الطيارون يمكنهم الانضمام للخطوط القطرية وشركات الطيران الكبرى. مهندسو الصيانة يعملون مع شركات الطيران ومرافق الصيانة. مراقبو الحركة الجوية يعملون في المطارات الدولية. أخصائيو الأرصاد يخدمون شركات الطيران. مرسلو الرحلات يعملون مع شركات الطيران. مديرو العمليات يعملون في مراكز الطيران الكبرى.","career, job, employment, graduation, opportunities, placement","وظيفة, عمل, توظيف, تخرج, فرص"
"What is QAA's role in Qatar National Vision 2030?","ما هو دور الأكاديمية في رؤية قطر الوطنية 2030؟","QAA plays a key role in Qatar National Vision 2030 through: Human Capital Development - transforms the expatriate-dominated aviation sector by creating high-value roles for Qatari nationals. Economic Diversification - aviation is a primary driver of Qatar's non-hydrocarbon economy, providing skilled workforce for Qatar Airways and QCAA. Technological Leadership - state-of-the-art facilities including the A320 simulator and modern fleet. Attracting international students as educational exports. Regulatory and Safety Excellence - adhering to ICAO, EASA, and FAA standards, ensuring graduates are recognized globally and reinforcing Qatar's reputation in global air transport safety.","تلعب الأكاديمية دوراً رئيسياً في رؤية قطر الوطنية 2030 من خلال: تنمية رأس المال البشري - تحويل قطاع الطيران لخلق أدوار عالية القيمة للمواطنين القطريين. التنويع الاقتصادي - الطيران محرك رئيسي للاقتصاد غير النفطي. القيادة التكنولوجية - مرافق حديثة. التميز التنظيمي والسلامة - الالتزام بمعايير ICAO وEASA وFAA.","vision 2030, Qatar, national, development, strategy","رؤية, 2030, قطر, وطنية, تنمية"
"What accreditations does QAA hold?","ما هي الاعتمادات التي تحملها الأكاديمية؟","QAA holds the following accreditations and approvals: EASA Part 147 approval (reference: EASA.147.0065) for aircraft maintenance training. QCAA Part 147 approval (reference: OT/MTO/01). ICAO TRAINAIR PLUS Full Member status. Approved Training Organization (ATO) under Qatar Civil Aviation Authority. FAA approved for maintenance operations. IDP IELTS approved Training and Testing Center. British Council IELTS Test Centre. QAA's graduates are recognized globally due to these international accreditations.","تحمل الأكاديمية الاعتمادات التالية: اعتماد EASA الجزء 147 (مرجع: EASA.147.0065). اعتماد هيئة الطيران المدني القطرية الجزء 147. عضوية كاملة في ICAO TRAINAIR PLUS. منظمة تدريب معتمدة تحت هيئة الطيران المدني القطرية. معتمدة من FAA. مركز معتمد لاختبار IELTS.","accreditation, EASA, ICAO, QCAA, FAA, approved, certified","اعتماد, معتمد, شهادة"
"Can I take the IELTS exam at QAA?","هل يمكنني إجراء اختبار IELTS في الأكاديمية؟","Yes, QAA is an approved IDP IELTS Training and Testing Center and also a British Council IELTS Test Centre. You can: 1) Take the IELTS exam at QAA's Testing Centre. 2) Enroll in IELTS preparation courses offered by QAA. 3) The intensive IELTS preparation course is designed for candidates with intermediate or above level of English aiming for band scores between 5.5 and 9. QAA also offers other testing services including OET, LINGUASKILLS, and academic examinations. To book an IELTS test or preparation course, contact QAA at +974 4440 8888 or Info@qaa.edu.qa.","نعم، الأكاديمية مركز معتمد لاختبار وتدريب IELTS من IDP وأيضاً مركز اختبار IELTS من المجلس الثقافي البريطاني. يمكنك: 1) إجراء اختبار IELTS في مركز الاختبارات. 2) التسجيل في دورات تحضير IELTS. 3) الدورة المكثفة مصممة للمستوى المتوسط فما فوق وتستهدف درجات بين 5.5 و9. للحجز اتصل على +974 4440 8888.","IELTS, test, exam, English, proficiency","اختبار, إنجليزية, إجادة"
"How long is the pilot training program?","كم مدة برنامج تدريب الطيارين؟","The duration depends on the program pathway: MPL (Multi-Crew Pilot License): Approximately 18-22 months including foundation studies if required. Up to 1 year foundation studies + approximately 18 months MPL major. CPL/IR (Commercial Pilot License/Instrument Rating) Integrated: Includes 186 flight hours, 32.5 FTD hours, and 40-hour MCC component. Foundation Program: Additional 12 weeks if required for technical subjects, 11-12 weeks for English language. The total training time may vary depending on individual progress, weather conditions, and program requirements.","المدة تعتمد على مسار البرنامج: رخصة الطيار متعدد الطاقم: حوالي 18-22 شهراً شاملة الدراسات التأسيسية. رخصة الطيار التجاري المتكاملة: تشمل 186 ساعة طيران و32.5 ساعة تدريب على الأجهزة و40 ساعة تعاون متعدد الطاقم. البرنامج التأسيسي: 12 أسبوعاً إضافية إذا لزم الأمر.","duration, how long, time, months, years","مدة, كم, وقت, أشهر, سنوات"
"How long is the aircraft maintenance program?","كم مدة برنامج صيانة الطائرات؟","The Aircraft Maintenance Engineering program durations at QAA are: B1.1 License (Mechanical): 2 years and 3 months. Ground Avionics Engineering (B2): 10 months. CAT A License: 10 months. Classes have a maximum of 15 students to ensure quality hands-on training. Training includes both classroom theory and practical work on the academy's fleet and retired aircraft.","مدة برامج هندسة صيانة الطائرات: رخصة B1.1 (ميكانيكي): سنتان و3 أشهر. هندسة إلكترونيات الطيران (B2): 10 أشهر. رخصة CAT A: 10 أشهر. الفصول بحد أقصى 15 طالباً لضمان جودة التدريب العملي.","maintenance, duration, how long, B1, B2","صيانة, مدة, كم"
"Is QAA open to female students?","هل الأكاديمية مفتوحة للطالبات؟","Yes, QAA welcomes female students in all its programs. The academy's values include non-discrimination, and it is open to both male and female applicants. QAA also offers a Women in Aviation scholarship covering up to 40% of tuition fees for female students pursuing aviation careers. All programs including pilot training, aircraft maintenance engineering, air traffic control, and others are open to qualified female applicants.","نعم، ترحب الأكاديمية بالطالبات في جميع برامجها. تشمل قيم الأكاديمية عدم التمييز وهي مفتوحة للمتقدمين من الجنسين. تقدم الأكاديمية أيضاً منحة المرأة في الطيران بتغطية تصل إلى 40% من الرسوم الدراسية للطالبات. جميع البرامج مفتوحة للمتقدمات المؤهلات.","female, women, girls, gender","إناث, نساء, بنات, جنس"
"What is the minimum age to apply?","ما هو الحد الأدنى للعمر للتقدم؟","The minimum age requirement varies: For the Qatar Airways Cadet Pilot Programme: 18-26 years old at the time of commencing the MPL course. For other programs: applicants must have completed high school, which typically means they are at least 17-18 years old. There is no specific maximum age limit for most programs, though the Cadet Pilot Programme has an upper limit of 26. Contact admissions at +974 4440 8873 for program-specific age requirements.","يختلف الحد الأدنى للعمر: لبرنامج الطيار المتدرب من الخطوط القطرية: 18-26 سنة. للبرامج الأخرى: يجب أن يكون المتقدم قد أكمل الثانوية العامة مما يعني عادة 17-18 سنة على الأقل. لا يوجد حد أقصى محدد للعمر لمعظم البرامج. اتصل بالقبول على +974 4440 8873.","age, minimum, maximum, old, young, limit","عمر, حد, أدنى, أقصى"
"What is the minimum grade required?","ما هو الحد الأدنى للدرجات المطلوب؟","The minimum grade requirement for QAA admission is 70% in high school diploma or equivalent. However, this varies by program: Pilot training requires higher grades in mathematics and science subjects. The Qatar Airways Cadet Pilot Programme requires 75% minimum (Science Stream). Final-year high school students may apply with first-semester results but must supply final proof by the deadline. International applicants must provide certified certificates showing their academic performance.","الحد الأدنى للدرجات المطلوب للقبول هو 70% في شهادة الثانوية العامة. ومع ذلك يختلف حسب البرنامج: تدريب الطيارين يتطلب درجات أعلى في الرياضيات والعلوم. برنامج الطيار المتدرب يتطلب 75% كحد أدنى (تخصص علمي). يمكن لطلاب السنة الأخيرة التقدم بنتائج الفصل الأول.","grade, minimum, percentage, marks, GPA","درجات, حد, أدنى, نسبة, معدل"
"Does QAA offer online courses?","هل تقدم الأكاديمية دورات عبر الإنترنت؟","QAA primarily offers in-person training at its campus in Al Khulaifat, Doha. Aviation training requires significant hands-on practical components including flight training, simulator sessions, and workshop practice that cannot be conducted online. However, some ICAO short courses are available in virtual format, such as the Occupational Safety and Health Emergency Response course (3 days, virtual). For the latest information on any online or hybrid learning options, contact QAA at +974 4440 8888 or Info@qaa.edu.qa.","تقدم الأكاديمية بشكل أساسي التدريب الحضوري في حرمها بالخليفات بالدوحة. التدريب على الطيران يتطلب مكونات عملية كبيرة لا يمكن إجراؤها عبر الإنترنت. ومع ذلك بعض دورات ICAO القصيرة متاحة بشكل افتراضي. للمعلومات الأخيرة اتصل بالأكاديمية على +974 4440 8888.","online, remote, virtual, distance, e-learning","عبر الإنترنت, عن بعد, افتراضي"
"What is the IELTS score required?","ما هي درجة IELTS المطلوبة؟","IELTS requirements at QAA: Undergraduate programs: minimum IELTS 5.5 overall. Graduate programs: minimum IELTS 6.0. Doctorate programs: minimum IELTS 6.5 or TOEFL 90. Qatar Airways Cadet Pilot Programme: minimum IELTS 4.5 overall with not less than 4.0 in each component (attained in the last 24 months). QAA also offers English language preparation courses and IELTS preparation courses at its campus for students who need to improve their English proficiency before starting their main programs.","متطلبات IELTS في الأكاديمية: البرامج الجامعية: IELTS 5.5 كحد أدنى. برامج الدراسات العليا: IELTS 6.0. برامج الدكتوراه: IELTS 6.5. برنامج الطيار المتدرب: IELTS 4.5 كحد أدنى مع 4.0 في كل مكون. تقدم الأكاديمية أيضاً دورات تحضيرية لـ IELTS.","IELTS, score, English, proficiency, TOEFL","درجة, إنجليزية, إجادة"
